Test_Case,True_Label
1.wav,0
2.wav,0
3.wav,1
4.wav,1
5.wav,0
6.wav,2
7.wav,4
8.wav,0
9.wav,0
10.wav,1
11.wav,4
12.wav,2
13.wav,0
14.wav,0
15.wav,0
16.wav,4
17.wav,0
18.wav,0
19.wav,0
20.wav,4
21.wav,0
22.wav,2
23.wav,0
24.wav,2
25.wav,2
26.wav,4
27.wav,2
28.wav,4
29.wav,2
30.wav,2
31.wav,0
32.wav,3
33.wav,3
34.wav,2
35.wav,2
36.wav,3
37.wav,0
38.wav,4
39.wav,4
40.wav,1
41.wav,4
42.wav,1
43.wav,0
44.wav,1
45.wav,0
46.wav,0
47.wav,0
48.wav,1
49.wav,2
50.wav,2
51.wav,1
52.wav,0
53.wav,0
54.wav,2
55.wav,2
56.wav,0
57.wav,4
58.wav,5
59.wav,4
60.wav,4
61.wav,2
62.wav,4
63.wav,0
64.wav,4
65.wav,3
66.wav,2
67.wav,0
68.wav,4
69.wav,0
70.wav,0
71.wav,1
72.wav,4
73.wav,0
74.wav,3
75.wav,3
76.wav,0
77.wav,0
78.wav,2
79.wav,2
80.wav,0
81.wav,0
82.wav,0
83.wav,2
84.wav,3
85.wav,4
86.wav,0
87.wav,0
88.wav,0
89.wav,0
90.wav,2
91.wav,4
92.wav,2
93.wav,4
94.wav,2
95.wav,2
96.wav,2
97.wav,2
98.wav,4
99.wav,2
100.wav,4
101.wav,0
102.wav,2
103.wav,2
104.wav,1
105.wav,0
106.wav,0
107.wav,4
108.wav,4
109.wav,0
110.wav,5
111.wav,4
112.wav,0
113.wav,0
114.wav,4
115.wav,1
116.wav,0
117.wav,1
118.wav,4
119.wav,0
120.wav,2
121.wav,0
122.wav,4
123.wav,0
124.wav,4
125.wav,2
126.wav,4
127.wav,2
128.wav,4
129.wav,2
130.wav,0
131.wav,4
132.wav,2
133.wav,0
134.wav,0
135.wav,1
136.wav,2
137.wav,4
138.wav,2
139.wav,2
140.wav,2
141.wav,4
142.wav,2
143.wav,0
144.wav,4
145.wav,3
146.wav,4
147.wav,4
148.wav,2
149.wav,4
150.wav,2
151.wav,4
152.wav,2
153.wav,4
154.wav,2
155.wav,0
156.wav,1
157.wav,3
158.wav,2
159.wav,4
160.wav,5
161.wav,2
162.wav,0
163.wav,3
164.wav,2
165.wav,4
166.wav,0
167.wav,0
168.wav,1
169.wav,2
170.wav,2
171.wav,0
172.wav,0
173.wav,2
174.wav,2
175.wav,4
176.wav,4
177.wav,4
178.wav,5
179.wav,0
180.wav,4
181.wav,0
182.wav,2
183.wav,2
184.wav,0
185.wav,0
186.wav,0
187.wav,3
188.wav,0
189.wav,0
190.wav,3
191.wav,0
192.wav,4
193.wav,0
194.wav,2
195.wav,2
196.wav,5
197.wav,2
198.wav,2
199.wav,4
200.wav,0
201.wav,4
202.wav,2
203.wav,4
204.wav,0
205.wav,2
206.wav,1
207.wav,0
208.wav,4
209.wav,2
210.wav,4
211.wav,0
212.wav,2
213.wav,0
214.wav,3
215.wav,2
216.wav,0
217.wav,4
218.wav,4
219.wav,2
220.wav,2
221.wav,2
222.wav,2
223.wav,5
224.wav,4
225.wav,2
226.wav,4
227.wav,4
228.wav,4
229.wav,0
230.wav,2
231.wav,2
232.wav,4
233.wav,2
234.wav,2
235.wav,5
236.wav,4
237.wav,4
238.wav,4
239.wav,4
240.wav,2
241.wav,2
242.wav,4
243.wav,5
244.wav,1
245.wav,0
246.wav,2
247.wav,4
248.wav,4
249.wav,4
250.wav,3
251.wav,0
252.wav,4
253.wav,0
254.wav,0
255.wav,4
256.wav,0
257.wav,3
258.wav,0
259.wav,2
260.wav,2
261.wav,2
262.wav,4
263.wav,4
264.wav,4
265.wav,4
266.wav,1
267.wav,0
268.wav,4
269.wav,2
270.wav,2
271.wav,0
272.wav,4
273.wav,2
274.wav,2
275.wav,2
276.wav,2
277.wav,0
278.wav,4
279.wav,2
280.wav,4
281.wav,2
282.wav,2
283.wav,3
284.wav,4
285.wav,1
286.wav,2
287.wav,0
288.wav,4
289.wav,0
290.wav,2
291.wav,0
292.wav,0
293.wav,4
294.wav,0
295.wav,4
296.wav,2
297.wav,4
298.wav,4
299.wav,3
300.wav,0
301.wav,5
302.wav,2
303.wav,2
304.wav,2
305.wav,4
306.wav,0
307.wav,1
308.wav,2
309.wav,2
310.wav,2
311.wav,0
312.wav,0
313.wav,2
314.wav,2
315.wav,2
316.wav,2
317.wav,2
318.wav,0
319.wav,4
320.wav,3
321.wav,0
322.wav,3
323.wav,2
324.wav,0
325.wav,3
326.wav,1
327.wav,0
328.wav,5
329.wav,4
330.wav,4
331.wav,5
332.wav,2
333.wav,2
334.wav,2
335.wav,0
336.wav,5
337.wav,0
338.wav,4
339.wav,2
340.wav,5
341.wav,2
342.wav,0
343.wav,4
344.wav,3
345.wav,0
346.wav,4
347.wav,1
348.wav,2
349.wav,4
350.wav,2
351.wav,3
352.wav,4
353.wav,4
354.wav,1
355.wav,4
356.wav,4
357.wav,4
358.wav,3
359.wav,0
360.wav,0
361.wav,2
362.wav,0
363.wav,2
364.wav,2
365.wav,0
366.wav,1
367.wav,3
368.wav,4
369.wav,2
370.wav,3
371.wav,5
372.wav,4
373.wav,5
374.wav,0
375.wav,4
376.wav,4
377.wav,2
378.wav,4
379.wav,2
380.wav,0
381.wav,2
382.wav,0
383.wav,5
384.wav,1
385.wav,1
386.wav,4
387.wav,0
388.wav,4
389.wav,3
390.wav,0
391.wav,0
392.wav,0
393.wav,2
394.wav,2
395.wav,4
396.wav,0
397.wav,0
398.wav,0
399.wav,0
400.wav,1
401.wav,4
402.wav,0
403.wav,0
404.wav,0
405.wav,5
406.wav,0
407.wav,0
408.wav,1
409.wav,2
410.wav,2
411.wav,4
412.wav,0
413.wav,5
414.wav,4
415.wav,2
416.wav,2
417.wav,4
418.wav,0
419.wav,0
420.wav,0
421.wav,4
422.wav,0
423.wav,3
424.wav,0
425.wav,5
426.wav,4
427.wav,4
428.wav,4
429.wav,0
430.wav,2
431.wav,2
432.wav,2
433.wav,0
434.wav,4
435.wav,0
436.wav,2
437.wav,2
438.wav,0
439.wav,5
440.wav,4
441.wav,3
442.wav,5
443.wav,1
444.wav,4
445.wav,4
446.wav,4
447.wav,2
448.wav,0
449.wav,0
450.wav,1
451.wav,0
452.wav,2
453.wav,4
454.wav,2
455.wav,2
456.wav,4
457.wav,4
458.wav,4
459.wav,4
460.wav,2
461.wav,3
462.wav,0
463.wav,0
464.wav,4
465.wav,0
466.wav,3
467.wav,2
468.wav,4
469.wav,4
470.wav,4
471.wav,5
472.wav,2
473.wav,5
474.wav,2
475.wav,4
476.wav,5
477.wav,0
478.wav,4
479.wav,4
480.wav,5
481.wav,2
482.wav,4
483.wav,4
484.wav,4
485.wav,4
486.wav,0
487.wav,4
488.wav,0
489.wav,0
490.wav,2
491.wav,0
492.wav,0
493.wav,4
494.wav,2
495.wav,5
496.wav,0
497.wav,0
498.wav,0
499.wav,5
500.wav,4
501.wav,2
502.wav,0
503.wav,2
504.wav,4
505.wav,2
506.wav,5
507.wav,4
508.wav,0
509.wav,2
510.wav,0
511.wav,2
512.wav,0
513.wav,0
514.wav,2
515.wav,0
516.wav,2
517.wav,2
518.wav,3
519.wav,4
520.wav,2
521.wav,3
522.wav,1
523.wav,4
524.wav,5
525.wav,2
526.wav,2
527.wav,2
528.wav,4
529.wav,2
530.wav,2
531.wav,4
532.wav,0
533.wav,4
534.wav,2
535.wav,4
536.wav,2
537.wav,2
538.wav,0
539.wav,0
540.wav,2
541.wav,2
542.wav,2
543.wav,0
544.wav,0
545.wav,2
546.wav,0
547.wav,2
548.wav,5
549.wav,2
550.wav,2
551.wav,0
552.wav,1
553.wav,3
554.wav,0
555.wav,0
556.wav,0
557.wav,2
558.wav,2
559.wav,2
560.wav,0
561.wav,4
562.wav,0
563.wav,0
